,Model,Train Accuracy,Test Accuracy,F1,Precision,Recall,ROC_AUC
0,Logistic Regression,0.989010989010989,0.9736842105263158,0.963855421686747,0.975609756097561,0.9523809523809523,0.996031746031746
1,KNN,0.9824175824175824,0.956140350877193,0.9397590361445783,0.9512195121951219,0.9285714285714286,0.9780092592592593
2,Ridge Classifier,0.9626373626373627,0.956140350877193,0.9382716049382716,0.9743589743589743,0.9047619047619048,
3,Random Forest,0.9846153846153847,0.9385964912280702,0.9156626506024096,0.926829268292683,0.9047619047619048,0.9937169312169313
4,Naive Bayes,0.9384615384615385,0.9210526315789473,0.8941176470588236,0.8837209302325582,0.9047619047619048,0.9874338624338624
5,Decision Tree,1.0,0.9035087719298246,0.8791208791208791,0.8163265306122449,0.9523809523809523,0.9136904761904762
